<?xml version="1.0" encoding="UTF-8"?>
<project-private xmlns="http://www.netbeans.org/ns/project-private/1">
    <editor-bookmarks xmlns="http://www.netbeans.org/ns/editor-bookmarks/2" lastBookmarkId="0"/>
    <open-files xmlns="http://www.netbeans.org/ns/projectui-open-files/2">
        <group>
            <file>file:/C:/Users/steve/Documents/Workspace/CSE219/hw2/hw2/jTPS/src/jtps/test/jTPS_Tester.java</file>
            <file>file:/C:/Users/steve/Documents/Workspace/CSE219/hw2/hw2/jTPS/src/jtps/jTPS_Transaction.java</file>
            <file>file:/C:/Users/steve/Documents/Workspace/CSE219/hw2/hw2/jTPS/src/jtps/test/Num.java</file>
            <file>file:/C:/Users/steve/Documents/Workspace/CSE219/hw2/hw2/jTPS/src/jtps/jTPS.java</file>
            <file>file:/C:/Users/steve/Documents/Workspace/CSE219/hw2/hw2/jTPS/src/jtps/test/AddToNum_Transaction.java</file>
        </group>
        <group name="Group 20170929-11:05:38"/>
    </open-files>
</project-private>
