<?xml version="1.0" encoding="UTF-8"?>
<project-private xmlns="http://www.netbeans.org/ns/project-private/1">
    <editor-bookmarks xmlns="http://www.netbeans.org/ns/editor-bookmarks/2" lastBookmarkId="8">
        <file>
            <url>src/mmm/data/DraggableCircle.java</url>
            <bookmark id="1">
                <name/>
                <line>38</line>
                <key/>
            </bookmark>
        </file>
        <file>
            <url>src/mmm/gui/EnterTextDialogSingleton.java</url>
            <bookmark id="5">
                <name/>
                <line>80</line>
                <key/>
            </bookmark>
            <bookmark id="6">
                <name/>
                <line>81</line>
                <key/>
            </bookmark>
            <bookmark id="7">
                <name/>
                <line>99</line>
                <key/>
            </bookmark>
        </file>
        <file>
            <url>src/mmm/gui/WelcomeDialog.java</url>
            <bookmark id="2">
                <name/>
                <line>75</line>
                <key/>
            </bookmark>
            <bookmark id="3">
                <name/>
                <line>76</line>
                <key/>
            </bookmark>
            <bookmark id="4">
                <name/>
                <line>100</line>
                <key/>
            </bookmark>
        </file>
        <file>
            <url>src/mmm/gui/MetroLineSettingsDialogSingleton.java</url>
            <bookmark id="8">
                <name/>
                <line>62</line>
                <key/>
            </bookmark>
        </file>
    </editor-bookmarks>
    <open-files xmlns="http://www.netbeans.org/ns/projectui-open-files/2">
        <group name="Group 20170929-11:05:38">
            <file>file:/C:/Users/steve/Documents/Projects/metro-map-maker/metro-map-maker/src/mmm/file/MMMFiles.java</file>
            <file>file:/C:/Users/steve/Documents/Projects/metro-map-maker/metro-map-maker/src/mmm/MMMApp.java</file>
            <file>file:/C:/Users/steve/Documents/Projects/metro-map-maker/metro-map-maker/data/app_properties_EN.xml</file>
            <file>file:/C:/Users/steve/Documents/Projects/metro-map-maker/metro-map-maker/src/mmm/gui/MMMEditController.java</file>
            <file>file:/C:/Users/steve/Documents/Projects/metro-map-maker/metro-map-maker/src/mmm/gui/MMMWorkspace.java</file>
            <file>file:/C:/Users/steve/Documents/Projects/metro-map-maker/metro-map-maker/src/mmm/data/MMMData.java</file>
            <file>file:/C:/Users/steve/Documents/Projects/metro-map-maker/metro-map-maker/src/mmm/gui/WelcomeDialogSingleton.java</file>
            <file>file:/C:/Users/steve/Documents/Projects/metro-map-maker/metro-map-maker/src/mmm/MMMLanguageProperty.java</file>
        </group>
    </open-files>
</project-private>
