<?xml version="1.0" encoding="UTF-8"?>
<project-private xmlns="http://www.netbeans.org/ns/project-private/1">
    <editor-bookmarks xmlns="http://www.netbeans.org/ns/editor-bookmarks/2" lastBookmarkId="0"/>
    <open-files xmlns="http://www.netbeans.org/ns/projectui-open-files/2">
        <group>
            <file>file:/C:/Users/steve/Documents/Workspace/CSE219/hw2/hw2/DesktopJavaFramework/src/djf/AppTemplate.java</file>
            <file>file:/C:/Users/steve/Documents/Workspace/CSE219/hw2/hw2/DesktopJavaFramework/src/djf/settings/AppPropertyType.java</file>
            <file>file:/C:/Users/steve/Documents/Workspace/CSE219/hw2/hw2/DesktopJavaFramework/src/djf/ui/AppGUI.java</file>
            <file>file:/C:/Users/steve/Documents/Workspace/CSE219/hw2/hw2/DesktopJavaFramework/src/djf/controller/AppFileController.java</file>
        </group>
        <group name="Group 20170929-11:05:38">
            <file>file:/C:/Users/steve/Documents/Projects/metro-map-maker/DesktopJavaFramework/src/djf/controller/AppFileController.java</file>
            <file>file:/C:/Users/steve/Documents/Projects/metro-map-maker/DesktopJavaFramework/src/djf/ui/AppGUI.java</file>
            <file>file:/C:/Users/steve/Documents/Projects/metro-map-maker/DesktopJavaFramework/src/djf/AppTemplate.java</file>
        </group>
    </open-files>
</project-private>
