<?xml version="1.0" encoding="UTF-8" standalone="no"?><!--
    This XML file allows us to easily customize the look and language used
    in our program's user interface. Note that this properties file is only
    for the standard controls for an app from the SimpleAppFramework, so
    it would not include things initialized for the workspace, which is
    customizable.
--><properties>
    <property_list>
        <!--App Information-->
        <property name="APP_TITLE" value="Metro Map Maker"/>
        <property name="APP_PATH_CSS" value="css/"/>
        <property name="APP_CSS" value="mmm_style.css"/>
        <property name="ABOUT_TITLE" value="About"/>
        <property name="ABOUT_MESSAGE" value="Metro Map Maker App&#13;&#13;By Steven Maio"/>
        <property name="APP_LOGO" value="Logo.png"/>
        
        <!--Preferred Geometry-->
        <property name="PREF_WIDTH" value="800"/>
        <property name="PREF_HEIGHT" value="600"/>
        <property name="START_MAXIMIZED" value="true"/>
        
        <!--Program Icon Files-->
        <property name="SAVE_AS_ICON" value="Save_As.png"/>
        <property name="SET_IMAGE_BACKGROUND_ICON" value="Set_Image_Background.png"/>
        <property name="NEW_ICON" value="New.png"/>
        <property name="LOAD_ICON" value="Load.png"/>
        <property name="SAVE_ICON" value="Save.png"/>
        <property name="EXIT_ICON" value="Exit.png"/>
        <property name="ABOUT_ICON" value="About.png"/>
        <property name="ADD_ICON" value="Add.png"/>
        <property name="REMOVE_ICON" value="Remove.png"/>
        <property name="ROTATE_ICON" value="Rotate.png"/>
        <property name="PICTURE_ICON" value="Picture.png"/>
        <property name="EXPORT_ICON" value="Export.png"/>
        <property name="ITALICS_ICON" value="Italics.png"/>
        <property name="BOLD_ICON" value="Bold.png"/>
        <property name="LARGER_ICON" value="Larger.png"/>
        <property name="METRO_LINE_INFO_ICON" value="MetroLineInfo.png"/>
        <property name="SMALLER_ICON" value="Smaller.png"/>
        <property name="TEXT_ICON" value="Text.png"/>
        <property name="ZOOM_IN_ICON" value="Zoom_In.png"/>
        <property name="ZOOM_OUT_ICON" value="Zoom_Out.png"/>
        <property name="UNDO_ICON" value="Undo.png"/>
        <property name="REDO_ICON" value="Redo.png"/>
        <property name="FIND_ROUTE_ICON" value="Find_Route.png"/>
        <property name="ADD_IMAGE_ICON" value="Picture.png"/>
        <property name="REMOVE_ELEMENT_ICON" value="Remove_Element.png"/>
        
        <!--Tooltips-->
        <property name="UNDO_TOOLTIP" value="Undo the last edit in the project"/>
        <property name="REDO_TOOLTIP" value="Redo the last edit in the project"/>
        <property name="ABOUT_TOOLTIP" value="About the Metro Map Maker"/>
        <property name="EXPORT_TOOLTIP" value="Export the project into an image file"/>
        <property name="SAVE_AS_TOOLTIP" value="Save the current project under a different name"/>
        <property name="SET_IMAGE_BACKGROUND_TOOLTIP" value="Set an image as the background of the project"/>
        <property name="FIND_ROUTE_TOOLTIP" value="Find a route between the two stations"/>
        <property name="REMOVE_ELEMENT_TOOLTIP" value="Removes the selected item"/>
        <property name="NEW_TOOLTIP" value="Create a new project"/>
        <property name="LOAD_TOOLTIP" value="Load an existing project"/>
        <property name="SAVE_TOOLTIP" value="Save the current project"/>
        <property name="EXIT_TOOLTIP" value="Exit the application"/>
        <property name="ADD_LINE_TOOLTIP" value="Add a new Metro Line to the Metro Map"/>
        <property name="ADD_IMAGE_TOOLTIP" value="Add an image to the project"/>
        <property name="REMOVE_LINE_TOOLTIP" value="Remove a Metro Line from the Metro Map"/>
        <property name="METRO_LINE_INFO_TOOLTIP" value="Displays all the stops in the selected Metro Line"/>
        <property name="ADD_METRO_STATION_TOOLTIP" value="Add a new Metro Station to the project"/>
        <property name="DELETE_METRO_STATION_TOOLTIP" value="Removes the currently selected Metro Station from the project"/>
        <property name="ROTATE_LABEL_TOOLTIP" value="Rotate the Metro Station's label"/>
        <property name="BOLD_TOOLTIP" value="Toggles bold font"/>
        <property name="ITALIC_TOOLTIP" value="Toggles italic font"/>
        <property name="ZOOM_IN_TOOLTIP" value="Zoom in on the map"/>
        <property name="ZOOM_OUT_TOOLTIP" value="Zoom out on the map"/>
        <property name="SMALLER_TOOLTIP" value="Decreases the map size"/>
        <property name="LARGER_TOOLTIP" value="Increases the mapsize"/>
        <property name="ADD_TEXT_TOOLTIP" value="Add an image to the project"/>
        
        <!--Toolbar Text-->
        <property name="METRO_LINES_TOOLBAR_TITLE" value="Metro Lines"/>
        <property name="METRO_STATIONS_TOOLBAR_TITLE" value="Metro Stations"/>
        <property name="DECOR_TOOLBAR_TITLE" value="Decor"/>
        <property name="FONT_TOOLBAR_TITLE" value="Font"/>
        <property name="NAVIGATION_TOOLBAR_TITLE" value="Navigation"/>
        <property name="APPEND_STATION_TEXT" value="Add Station"/>
        <property name="REMOVE_STATION_TEXT" value="Remove Station"/>
        <property name="SNAP_TEXT" value="Snap"/>
        <property name="MOVE_LABEL_TEXT" value="Move Label"/>
        <property name="SHOW_GRID_TEXT" value="Show Grid"/>
        
        <!--Message Window Titles-->
        <property name="NEW_METRO_MAP_TITLE" value="New Metro Map"/>
        <property name="INIT_METRO_LINE_TITLE" value="Initialize Metro Line"/>
        <property name="INIT_METRO_STATION_TITLE" value="Initialize Metro Station"/>
        <property name="EDIT_METRO_LINE_TITLE" value="Edit Metro Line"/>
        <property name="EDIT_METRO_STATION_TITLE" value="Edit Metro Station"/>
        <property name="METRO_LINE_INFO" value="Metro Line Stops"/>
        <property name="ROUTE_TITLE" value="Route"/>
        
        <!--Message Window Messages-->
        <property name="PROPERTIES_LOAD_ERROR_MESSAGE" value="There was an error loading the file"/>
        <property name="PROPERTIES_LOAD_ERROR_TITLE" value="Load File Error"/>
        <property name="NAME_TAKEN_MESSAGE" value="That name is already taken."/>
        <property name="NAME_TAKEN_TITLE" value="Name Taken"/>
        <property name="NEW_ERROR_MESSAGE" value="An error occured creating New Work."/>
        <property name="NEW_ERROR_TITLE" value="New Work Eror"/>
        <property name="NEW_METRO_MAP_MESSAGE" value="Enter the city name"/>
        <property name="NEW_COMPLETED_MESSAGE" value="New Work Ready for Editing"/>
        <property name="NEW_COMPLETED_TITLE" value="New Work Created"/>
        <property name="LOAD_COMPLETED_MESSAGE" value="File Loading Completed and ready for editing"/>
        <property name="LOAD_COMPLETED_TITLE" value="Loading Completed"/>
        <property name="SAVE_COMPLETED_MESSAGE" value="File Saving Completed"/>
        <property name="SAVE_COMPLETED_TITLE" value="Saving Completed"/>
        <property name="SAVE_UNSAVED_WORK_MESSAGE" value="Would you like to save your unsaved work first?"/>
        <property name="SAVE_UNSAVED_WORK_TITLE" value="Save unsaved work?"/>        
	
        <property name="NEW_CREATED_MESSAGE" value="New Work Created but not yet Saved"/>
        <property name="WORK_LOADED_MESSAGE" value="The Work has been Loaded"/>
        <property name="WORK_SAVED_MESSAGE" value="The Work has been Saved"/>
        <property name="SAVE_UNSAVED_WORK_MESSAGE" value="Do you want to save your unsaved work first?"/>
	<property name="SAVE_WORK_TITLE" value="Save your work"/>
	<property name="LOAD_WORK_TITLE" value="Select work file to load"/>
	<property name="WORK_FILE_EXT" value="pm"/>
	<property name="WORK_FILE_EXT_DESC" value="Metro Map Maker Files"/>
        
        <!--Recent File List This is lazy and I could probably implement this in a better way-->
        <property name="RECENT_FILE_1" value="Wok"/>
        <property name="RECENT_FILE_2" value="Little Dude"/>
        <property name="RECENT_FILE_3" value="F"/>
        <property name="RECENT_FILE_4" value="Balls"/>
        <property name="RECENT_FILE_5" value="BallsAreTaken"/>
    </property_list>
    <property_options_list>
    </property_options_list>
</properties>